{
    "cups": [
        {
            "id": "cup_1",
            "status": "Available",
            "position": {
                "x": 611.44,
                "y": -27.89,
                "z": 224.449
            },
            "orientation": {
                "q1": 0.00944177,
                "q2": -0.683755,
                "q3": 0.728027,
                "q4": -0.0486451
            },
            "approach_position": {
                "x": 611.44,
                "y": -27.89,
                "z": 224.449
            }
        },
        {
            "id": "cup_2",
            "status": "Available",
            "position": {
                "x": 644.394,
                "y": -101.277,
                "z": 248.988
            },
            "orientation": {
                "q1": 0.0502882,
                "q2": -0.62431,
                "q3": 0.70283,
                "q4": -0.337251
            },
            "approach_position": {
                "x": 644.394,
                "y": -101.277,
                "z": 248.988
            }
        }
    ]
}