{
    "batchName": "",
    "batchTime": 1753767338,
    "boardConf": "IR-C21M08-00",
    "boardCustom": "",
    "boardName": "DM9098",
    "boardOptions": 1048580,
    "boardRev": "R8M2E8",
    "cameraData": [
        [
            0,
            {
                "cameraType": 0,
                "distortionCoeff": [
                    30.92352867126465,
                    -227.47901916503906,
                    0.005689464509487152,
                    -0.0014493470080196857,
                    497.7617492675781,
                    30.574581146240234,
                    -225.67984008789063,
                    494.23297119140625,
                    0.0,
                    0.0,
                    0.0,
                    0.0,
                    0.0,
                    0.0
                ],
                "extrinsics": {
                    "rotationMatrix": [
                        [
                            0.0,
                            0.0,
                            0.0
                        ],
                        [
                            0.0,
                            0.0,
                            0.0
                        ],
                        [
                            0.0,
                            0.0,
                            0.0
                        ]
                    ],
                    "specTranslation": {
                        "x": 0.0,
                        "y": 0.0,
                        "z": 0.0
                    },
                    "toCameraSocket": -1,
                    "translation": {
                        "x": 0.0,
                        "y": 0.0,
                        "z": 0.0
                    }
                },
                "height": 2160,
                "intrinsicMatrix": [
                    [
                        3096.074462890625,
                        0.0,
                        1847.8182373046875
                    ],
                    [
                        0.0,
                        3098.674560546875,
                        1101.9449462890625
                    ],
                    [
                        0.0,
                        0.0,
                        1.0
                    ]
                ],
                "lensPosition": 0,
                "specHfovDeg": 68.7938003540039,
                "width": 3840
            }
        ],
        [
            2,
            {
                "cameraType": 0,
                "distortionCoeff": [
                    -9.60758113861084,
                    67.5325927734375,
                    0.0030719570349901915,
                    0.0018623735522851348,
                    -50.95082092285156,
                    -9.658390998840332,
                    67.52991485595703,
                    -50.44887924194336,
                    0.0,
                    0.0,
                    0.0,
                    0.0,
                    0.0,
                    0.0
                ],
                "extrinsics": {
                    "rotationMatrix": [
                        [
                            0.9998432397842407,
                            -0.008114051073789597,
                            0.015736937522888184
                        ],
                        [
                            0.008207643404603004,
                            0.9999489784240723,
                            -0.005891871172934771
                        ],
                        [
                            -0.015688328072428703,
                            0.0060201105661690235,
                            0.9998587965965271
                        ]
                    ],
                    "specTranslation": {
                        "x": 3.75,
                        "y": 0.0,
                        "z": 0.0
                    },
                    "toCameraSocket": 0,
                    "translation": {
                        "x": 3.7597548961639404,
                        "y": -0.023572668433189392,
                        "z": -0.1864704042673111
                    }
                },
                "height": 800,
                "intrinsicMatrix": [
                    [
                        802.7859497070313,
                        0.0,
                        649.6854248046875
                    ],
                    [
                        0.0,
                        801.9598999023438,
                        405.5434875488281
                    ],
                    [
                        0.0,
                        0.0,
                        1.0
                    ]
                ],
                "lensPosition": 0,
                "specHfovDeg": 71.86000061035156,
                "width": 1280
            }
        ],
        [
            1,
            {
                "cameraType": 0,
                "distortionCoeff": [
                    -7.013259410858154,
                    58.399208068847656,
                    0.005726389121264219,
                    -0.00024667568504810333,
                    -82.78788757324219,
                    -7.108071327209473,
                    58.63654327392578,
                    -82.79788970947266,
                    0.0,
                    0.0,
                    0.0,
                    0.0,
                    0.0,
                    0.0
                ],
                "extrinsics": {
                    "rotationMatrix": [
                        [
                            0.9998120069503784,
                            0.0027373468037694693,
                            -0.01919632777571678
                        ],
                        [
                            -0.0026157975662499666,
                            0.999976396560669,
                            0.006354156881570816
                        ],
                        [
                            0.019213268533349037,
                            -0.006302748341113329,
                            0.9997955560684204
                        ]
                    ],
                    "specTranslation": {
                        "x": -7.5,
                        "y": 0.0,
                        "z": 0.0
                    },
                    "toCameraSocket": 2,
                    "translation": {
                        "x": -7.490942478179932,
                        "y": 0.07486502081155777,
                        "z": -0.11049367487430573
                    }
                },
                "height": 800,
                "intrinsicMatrix": [
                    [
                        801.7710571289063,
                        0.0,
                        642.9779052734375
                    ],
                    [
                        0.0,
                        802.7333374023438,
                        411.6833801269531
                    ],
                    [
                        0.0,
                        0.0,
                        1.0
                    ]
                ],
                "lensPosition": 0,
                "specHfovDeg": 71.86000061035156,
                "width": 1280
            }
        ]
    ],
    "deviceName": "",
    "hardwareConf": "F1-FV00-BC000",
    "housingExtrinsics": {
        "rotationMatrix": [
            [
                0.9999175071716309,
                -0.012574739754199982,
                0.002615248551592231
            ],
            [
                0.012601380236446857,
                0.9998661875724792,
                -0.010432550683617592
            ],
            [
                -0.0024837118107825518,
                0.01046464592218399,
                0.9999421834945679
            ]
        ],
        "specTranslation": {
            "x": 0.0,
            "y": 0.0,
            "z": 0.0
        },
        "toCameraSocket": 2,
        "translation": {
            "x": 0.0,
            "y": 0.0,