{
    "batchName": "",
    "batchTime": 1753767338,
    "boardConf": "IR-C21M08-00",
    "boardCustom": "",
    "boardName": "DM9098",
    "boardOptions": 1048580,
    "boardRev": "R8M2E8",
    "cameraData": [
        [
            2,
            {
                "cameraType": 0,
                "distortionCoeff": [
                    -9.282536506652832,
                    59.28070068359375,
                    0.003877342212945223,
                    0.00026530030299909413,
                    -98.97857666015625,
                    -9.356451034545898,
                    59.65515899658203,
                    -99.44271087646484,
                    0.0,
                    0.0,
                    0.0,
                    0.0,
                    0.0,
                    0.0
                ],
                "extrinsics": {
                    "rotationMatrix": [
                        [
                            0.9999302625656128,
                            -0.008187456987798214,
                            0.008513538166880608
                        ],
                        [
                            0.008271089754998684,
                            0.9999174475669861,
                            -0.009835107252001762
                        ],
                        [
                            -0.00843231100589037,
                            0.009904837235808372,
                            0.9999154210090637
                        ]
                    ],
                    "specTranslation": {
                        "x": 3.75,
                        "y": 0.0,
                        "z": 0.0
                    },
                    "toCameraSocket": 0,
                    "translation": {
                        "x": 3.75288462638855,
                        "y": -0.02001527138054371,
                        "z": -0.27304452657699585
                    }
                },
                "height": 800,
                "intrinsicMatrix": [
                    [
                        804.5606079101563,
                        0.0,
                        647.1224975585938
                    ],
                    [
                        0.0,
                        802.786376953125,
                        405.618896484375
                    ],
                    [
                        0.0,
                        0.0,
                        1.0
                    ]
                ],
                "lensPosition": 0,
                "specHfovDeg": 71.86000061035156,
                "width": 1280
            }
        ],
        [
            1,
            {
                "cameraType": 0,
                "distortionCoeff": [
                    -0.688530445098877,
                    29.34181785583496,
                    0.008973877876996994,
                    -0.00013600187958218157,
                    68.70854949951172,
                    -0.8166670799255371,
                    29.29169273376465,
                    69.33845520019531,
                    0.0,
                    0.0,
                    0.0,
                    0.0,
                    0.0,
                    0.0
                ],
                "extrinsics": {
                    "rotationMatrix": [
                        [
                            0.9999050498008728,
                            0.0026411747094243765,
                            -0.013525068759918213
                        ],
                        [
                            -0.002468208782374859,
                            0.9999151825904846,
                            0.012789305299520493
                        ],
                        [
                            0.01355770044028759,
                            -0.012754708528518677,
                            0.9998267292976379
                        ]
                    ],
                    "specTranslation": {
                        "x": -7.5,
                        "y": 0.0,
                        "z": 0.0
                    },
                    "toCameraSocket": 2,
                    "translation": {
                        "x": -7.48896598815918,
                        "y": 0.07563183456659317,
                        "z": 0.0046537043526768684
                    }
                },
                "height": 800,
                "intrinsicMatrix": [
                    [
                        802.06689453125,
                        0.0,
                        644.8863525390625
                    ],
                    [
                        0.0,
                        802.9392700195313,
                        416.9064636230469
                    ],
                    [
                        0.0,
                        0.0,
                        1.0
                    ]
                ],
                "lensPosition": 0,
                "specHfovDeg": 71.86000061035156,
                "width": 1280
            }
        ],
        [
            0,
            {
                "cameraType": 0,
                "distortionCoeff": [
                    14.924458503723145,
                    -145.31765747070313,
                    0.00861997902393341,
                    -0.0006590308039449155,
                    314.28704833984375,
                    14.638936996459961,
                    -143.4002685546875,
                    310.68743896484375,
                    0.0,
                    0.0,
                    0.0,
                    0.0,
                    0.0,
                    0.0
                ],
                "extrinsics": {
                    "rotationMatrix": [
                        [
                            0.0,
                            0.0,
                            0.0
                        ],
                        [
                            0.0,
                            0.0,
                            0.0
                        ],
                        [
                            0.0,
                            0.0,
                            0.0
                        ]
                    ],
                    "specTranslation": {
                        "x": -0.0,
                        "y": -0.0,
                        "z": -0.0
                    },
                    "toCameraSocket": -1,
                    "translation": {
                        "x": 0.0,
                        "y": 0.0,
                        "z": 0.0
                    }
                },
                "height": 2160,
                "intrinsicMatrix": [
                    [
                        3097.5908203125,
                        0.0,
                        1860.4296875
                    ],
                    [
                        0.0,
                        3096.12744140625,
                        1114.0679931640625
                    ],
                    [
                        0.0,
                        0.0,
                        1.0
                    ]
                ],
                "lensPosition": 0,
                "specHfovDeg": 68.7938003540039,
                "width": 3840
            }
        ]
    ],
    "deviceName": "",
    "hardwareConf": "F1-FV00-BC000",
    "housingExtrinsics": {
        "rotationMatrix": [
            [
                0.9999175071716309,
                -0.012574739754199982,
                0.002615248551592231
            ],
            [
                0.012601380236446857,
                0.9998661875724792,
                -0.010432550683617592
            ],
            [
                -0.0024837118107825518,
                0.01046464592218399,
                0.9999421834945679
            ]
        ],
        "specTranslation": {
            "x": 0.0,
            "y": 0.0,
            "z": 0.0
        },
        "toCameraSocket": 2,
        "translation": {
            "x": 0.0,
            "y": 0.0,