{
    "batchName": "",
    "batchTime": 1753767338,
    "boardConf": "IR-C21M08-00",
    "boardCustom": "",
    "boardName": "DM9098",
    "boardOptions": 1048580,
    "boardRev": "R8M2E8",
    "cameraData": [
        [
            1,
            {
                "cameraType": 0,
                "distortionCoeff": [
                    -6.895656108856201,
                    91.29237365722656,
                    0.015054786577820778,
                    0.010742462240159512,
                    -271.1078186035156,
                    -7.116462707519531,
                    92.50448608398438,
                    -272.9190368652344,
                    0.0,
                    0.0,
                    0.0,
                    0.0,
                    0.0,
                    0.0
                ],
                "extrinsics": {
                    "rotationMatrix": [
                        [
                            0.9999198317527771,
                            0.0016720490530133247,
                            -0.012550744228065014
                        ],
                        [
                            -0.0015728374710306525,
                            0.9999674558639526,
                            0.007910548709332943
                        ],
                        [
                            0.012563562020659447,
                            -0.00789017416536808,
                            0.9998899698257446
                        ]
                    ],
                    "specTranslation": {
                        "x": -7.5,
                        "y": 0.0,
                        "z": 0.0
                    },
                    "toCameraSocket": 2,
                    "translation": {
                        "x": -7.523360729217529,
                        "y": 0.09054500609636307,
                        "z": 0.008125175721943378
                    }
                },
                "height": 800,
                "intrinsicMatrix": [
                    [
                        798.983154296875,
                        0.0,
                        669.9229125976563
                    ],
                    [
                        0.0,
                        800.8934326171875,
                        421.9620361328125
                    ],
                    [
                        0.0,
                        0.0,
                        1.0
                    ]
                ],
                "lensPosition": 0,
                "specHfovDeg": 71.86000061035156,
                "width": 1280
            }
        ],
        [
            0,
            {
                "cameraType": 0,
                "distortionCoeff": [
                    -10.602337837219238,
                    223.21682739257813,
                    0.018589943647384644,
                    -0.002364503685384989,
                    645.7792358398438,
                    -10.866293907165527,
                    226.30064392089844,
                    608.6317749023438,
                    0.0,
                    0.0,
                    0.0,
                    0.0,
                    0.0,
                    0.0
                ],
                "extrinsics": {
                    "rotationMatrix": [
                        [
                            0.0,
                            0.0,
                            0.0
                        ],
                        [
                            0.0,
                            0.0,
                            0.0
                        ],
                        [
                            0.0,
                            0.0,
                            0.0
                        ]
                    ],
                    "specTranslation": {
                        "x": -0.0,
                        "y": -0.0,
                        "z": -0.0
                    },
                    "toCameraSocket": -1,
                    "translation": {
                        "x": 0.0,
                        "y": 0.0,
                        "z": 0.0
                    }
                },
                "height": 2160,
                "intrinsicMatrix": [
                    [
                        3086.587158203125,
                        0.0,
                        1861.5203857421875
                    ],
                    [
                        0.0,
                        3079.884765625,
                        1158.3748779296875
                    ],
                    [
                        0.0,
                        0.0,
                        1.0
                    ]
                ],
                "lensPosition": 0,
                "specHfovDeg": 68.7938003540039,
                "width": 3840
            }
        ],
        [
            2,
            {
                "cameraType": 0,
                "distortionCoeff": [
                    -30.115556716918945,
                    91.53350830078125,
                    0.00928907748311758,
                    0.010946844704449177,
                    4047.705078125,
                    -30.258386611938477,
                    97.41610717773438,
                    3978.6376953125,
                    0.0,
                    0.0,
                    0.0,
                    0.0,
                    0.0,
                    0.0
                ],
                "extrinsics": {
                    "rotationMatrix": [
                        [
                            0.9992830157279968,
                            -0.00593788456171751,
                            0.03739256039261818
                        ],
                        [
                            0.006373030599206686,
                            0.999913215637207,
                            -0.011528811417520046
                        ],
                        [
                            -0.037320856004953384,
                            0.011758849956095219,
                            0.999234139919281
                        ]
                    ],
                    "specTranslation": {
                        "x": 3.75,
                        "y": 0.0,
                        "z": 0.0
                    },
                    "toCameraSocket": 0,
                    "translation": {
                        "x": 3.837388277053833,
                        "y": -0.10433074086904526,
                        "z": -0.5587359666824341
                    }
                },
                "height": 800,
                "intrinsicMatrix": [
                    [
                        805.4751586914063,
                        0.0,
                        671.8582763671875
                    ],
                    [
                        0.0,
                        806.330078125,
                        414.38702392578125
                    ],
                    [
                        0.0,
                        0.0,
                        1.0
                    ]
                ],
                "lensPosition": 0,
                "specHfovDeg": 71.86000061035156,
                "width": 1280
            }
        ]
    ],
    "deviceName": "",
    "hardwareConf": "F1-FV00-BC000",
    "housingExtrinsics": {
        "rotationMatrix": [
            [
                0.9999175071716309,
                -0.012574739754199982,
                0.002615248551592231
            ],
            [
                0.012601380236446857,
                0.9998661875724792,
                -0.010432550683617592
            ],
            [
                -0.0024837118107825518,
                0.01046464592218399,
                0.9999421834945679
            ]
        ],
        "specTranslation": {
            "x": 0.0,
            "y": 0.0,
            "z": 0.0
        },
        "toCameraSocket": 2,
        "translation": {
            "x": 0.0,
            "y": 0.0,