{
    "batchName": "",
    "batchTime": 1753767338,
    "boardConf": "IR-C21M08-00",
    "boardCustom": "",
    "boardName": "DM9098",
    "boardOptions": 1048580,
    "boardRev": "R8M2E8",
    "cameraData": [
        [
            1,
            {
                "cameraType": 0,
                "distortionCoeff": [
                    -0.45608338713645935,
                    31.254337310791016,
                    0.008244029246270657,
                    0.0005899766110815108,
                    85.7365493774414,
                    -0.5839698910713196,
                    31.06789207458496,
                    86.70571899414063,
                    0.0,
                    0.0,
                    0.0,
                    0.0,
                    0.0,
                    0.0
                ],
                "extrinsics": {
                    "rotationMatrix": [
                        [
                            0.9999389052391052,
                            0.0026572137139737606,
                            -0.010727578774094582
                        ],
                        [
                            -0.0025510103441774845,
                            0.999947726726532,
                            0.009901605546474457
                        ],
                        [
                            0.01075332798063755,
                            -0.009873634204268456,
                            0.9998934268951416
                        ]
                    ],
                    "specTranslation": {
                        "x": -7.5,
                        "y": 0.0,
                        "z": 0.0
                    },
                    "toCameraSocket": 2,
                    "translation": {
                        "x": -7.481001853942871,
                        "y": 0.07372471690177917,
                        "z": -0.1598358005285263
                    }
                },
                "height": 800,
                "intrinsicMatrix": [
                    [
                        802.4639892578125,
                        0.0,
                        646.3242797851563
                    ],
                    [
                        0.0,
                        803.2089233398438,
                        415.30120849609375
                    ],
                    [
                        0.0,
                        0.0,
                        1.0
                    ]
                ],
                "lensPosition": 0,
                "specHfovDeg": 71.86000061035156,
                "width": 1280
            }
        ],
        [
            0,
            {
                "cameraType": 0,
                "distortionCoeff": [
                    2.7533299922943115,
                    -44.11186981201172,
                    0.008638019673526287,
                    -0.0014315637527033687,
                    80.19694519042969,
                    2.5920379161834717,
                    -43.125640869140625,
                    78.69271087646484,
                    0.0,
                    0.0,
                    0.0,
                    0.0,
                    0.0,
                    0.0
                ],
                "extrinsics": {
                    "rotationMatrix": [
                        [
                            0.0,
                            0.0,
                            0.0
                        ],
                        [
                            0.0,
                            0.0,
                            0.0
                        ],
                        [
                            0.0,
                            0.0,
                            0.0
                        ]
                    ],
                    "specTranslation": {
                        "x": 0.0,
                        "y": 0.0,
                        "z": 0.0
                    },
                    "toCameraSocket": -1,
                    "translation": {
                        "x": 0.0,
                        "y": 0.0,
                        "z": 0.0
                    }
                },
                "height": 2160,
                "intrinsicMatrix": [
                    [
                        3106.454833984375,
                        0.0,
                        1852.3768310546875
                    ],
                    [
                        0.0,
                        3104.3115234375,
                        1115.9010009765625
                    ],
                    [
                        0.0,
                        0.0,
                        1.0
                    ]
                ],
                "lensPosition": 0,
                "specHfovDeg": 68.7938003540039,
                "width": 3840
            }
        ],
        [
            2,
            {
                "cameraType": 0,
                "distortionCoeff": [
                    -8.482029914855957,
                    53.93811798095703,
                    0.004090344067662954,
                    -0.00014404159446712583,
                    -85.421142578125,
                    -8.558174133300781,
                    54.31798553466797,
                    -85.87232208251953,
                    0.0,
                    0.0,
                    0.0,
                    0.0,
                    0.0,
                    0.0
                ],
                "extrinsics": {
                    "rotationMatrix": [
                        [
                            0.9999180436134338,
                            -0.00805545412003994,
                            0.009949926286935806
                        ],
                        [
                            0.008150334469974041,
                            0.9999213218688965,
                            -0.009532279334962368
                        ],
                        [
                            -0.009872357361018658,
                            0.009612592868506908,
                            0.9999050498008728
                        ]
                    ],
                    "specTranslation": {
                        "x": 3.75,
                        "y": 0.0,
                        "z": 0.0
                    },
                    "toCameraSocket": 0,
                    "translation": {
                        "x": 3.7492904663085938,
                        "y": -0.02521369978785515,
                        "z": -0.06366829574108124
                    }
                },
                "height": 800,
                "intrinsicMatrix": [
                    [
                        802.5116577148438,
                        0.0,
                        646.1557006835938
                    ],
                    [
                        0.0,
                        801.1900024414063,
                        406.3297119140625
                    ],
                    [
                        0.0,
                        0.0,
                        1.0
                    ]
                ],
                "lensPosition": 0,
                "specHfovDeg": 71.86000061035156,
                "width": 1280
            }
        ]
    ],
    "deviceName": "",
    "hardwareConf": "F1-FV00-BC000",
    "housingExtrinsics": {
        "rotationMatrix": [
            [
                0.9999175071716309,
                -0.012574739754199982,
                0.002615248551592231
            ],
            [
                0.012601380236446857,
                0.9998661875724792,
                -0.010432550683617592
            ],
            [
                -0.0024837118107825518,
                0.01046464592218399,
                0.9999421834945679
            ]
        ],
        "specTranslation": {
            "x": 0.0,
            "y": 0.0,
            "z": 0.0
        },
        "toCameraSocket": 2,
        "translation": {
            "x": 0.0,
            "y": 0.0,